<?xml version="1.0" encoding="UTF-8"?>
<project-private xmlns="http://www.netbeans.org/ns/project-private/1">
    <editor-bookmarks xmlns="http://www.netbeans.org/ns/editor-bookmarks/2" lastBookmarkId="0"/>
    <open-files xmlns="http://www.netbeans.org/ns/projectui-open-files/2">
        <group>
            <file>file:/C:/Users/alebe_000/Desktop/Practica%20JSP/web/JSP2.jsp</file>
            <file>file:/C:/Users/alebe_000/Desktop/Practica%20JSP/web/JSP1.jsp</file>
            <file>file:/C:/Users/alebe_000/Desktop/Practica%20JSP/web/Estilos.css</file>
        </group>
    </open-files>
</project-private>
